{"roc_auc_score": 0.9762618259865643, "average_precision_score": 0.6748692493732174}