{"roc_auc_score": 0.9675087808724324, "average_precision_score": 0.6260380843560855}