{"roc_auc_score": 0.9586669221329611, "average_precision_score": 0.555404643249139}